well,protocol,A600,A700,mhYFP,mRaspberry,date,bacterium,strain,plasmid,promoter,code,biorep,antibiotic,mhYFP_by_A600,mRas_by_A600
A1,PRT14_6,0.8116666666666666,0.71175,544.25,87.66666666666674,2024_08_09,Escherichia coli K12 MG1655,WT,pBR322,None,pTORC1,1,Ampicillin,670.5338809034907,108.0082135523615
A2,PRT14_6,0.8006666666666666,0.70775,527.25,95.66666666666674,2024_08_09,Escherichia coli K12 MG1655,WT,pBR322,None,pTORC1,2,Ampicillin,658.5137385512073,119.48376353039144
A3,PRT14_6,0.8076666666666666,0.70875,537.25,98.66666666666674,2024_08_09,Escherichia coli K12 MG1655,WT,pBR322,None,pTORC1,3,Ampicillin,665.1877837391663,122.16260833677269
A4,PRT14_6,0.7886666666666666,0.69275,492.25,102.66666666666674,2024_08_09,Escherichia coli K12 MG1655,WT,pBR322,None,pTORC1,4,Ampicillin,624.1546914623838,130.1775147928995
A5,PRT14_6,0.8166666666666667,0.71875,9833.25,101.66666666666674,2024_08_09,Escherichia coli K12 MG1655,WT,pBR322 PleuWT.1min mhYFP-SalOpt lacO1.1 lacO1.2,PleuWT.1min mhYFP,pTORC49,1,Ampicillin,12040.714285714286,124.48979591836745
A6,PRT14_6,0.8096666666666666,0.71075,9550.25,74.66666666666674,2024_08_09,Escherichia coli K12 MG1655,WT,pBR322 PleuWT.1min mhYFP-SalOpt lacO1.1 lacO1.2,PleuWT.1min mhYFP,pTORC49,2,Ampicillin,11795.28612597777,92.21902017291076
A7,PRT14_6,0.81466666666666665,0.71975,12783.25,109.66666666666674,2024_08_09,Escherichia coli K12 MG1655,WT,pBR322 PleuWT.1min mhYFP-SalOpt lacO1.1 lacO1.2,PleuWT.1min mhYFP,pTORC49,3,Ampicillin,15691.387070376433,134.6153846153847
A8,PRT14_6,0.7846666666666666,0.68875,10670.25,105.66666666666674,2024_08_09,Escherichia coli K12 MG1655,WT,pBR322 PleuWT.1min mhYFP-SalOpt lacO1.1 lacO1.2,PleuWT.1min mhYFP,pTORC49,4,Ampicillin,13598.449447748513,134.66440101954132
B1,PRT14_6,0.8036666666666666,0.69975,566.25,4909.666666666667,2024_08_09,Escherichia coli K12 MG1655,WT,pBR322 PleuWT.1min mRaspberry-SalOpt lacO1.1 lacO1.2,PleuWT.1min mRaspberry,pTORC63,1,Ampicillin,704.5831605143094,6109.0833678971385
B2,PRT14_6,0.8076666666666666,0.70275,552.25,5093.666666666667,2024_08_09,Escherichia coli K12 MG1655,WT,pBR322 PleuWT.1min mRaspberry-SalOpt lacO1.1 lacO1.2,PleuWT.1min mRaspberry,pTORC63,2,Ampicillin,683.759801898473,6306.644655385886
B3,PRT14_6,0.7966666666666666,0.69175,573.25,5104.666666666667,2024_08_09,Escherichia coli K12 MG1655,WT,pBR322 PleuWT.1min mRaspberry-SalOpt lacO1.1 lacO1.2,PleuWT.1min mRaspberry,pTORC63,3,Ampicillin,719.560669456067,6407.531380753138
B4,PRT14_6,0.7926666666666666,0.68775,500.25,4984.666666666667,2024_08_09,Escherichia coli K12 MG1655,WT,pBR322 PleuWT.1min mRaspberry-SalOpt lacO1.1 lacO1.2,PleuWT.1min mRaspberry,pTORC63,4,Ampicillin,631.0975609756098,6288.477712363331
B9,PRT14_6,0.6076666666666666,0.5307499999999999,11456.25,72.66666666666674,2024_08_09,Escherichia coli K12 MG1655,WT,pBR322 PleuWT.1 mhYFP-SalOpt lacO1.1 lacO1.2,PleuWT.1 mhYFP,pTORC65,1,Ampicillin,18852.85244103127,119.58310477235341
B10,PRT14_6,0.5726666666666667,0.5067499999999999,9297.25,86.66666666666674,2024_08_09,Escherichia coli K12 MG1655,WT,pBR322 PleuWT.1 mhYFP-SalOpt lacO1.1 lacO1.2,PleuWT.1 mhYFP,pTORC65,2,Ampicillin,16235.01164144354,151.338766006985
B11,PRT14_6,0.6136666666666666,0.53975,9865.25,90.66666666666674,2024_08_09,Escherichia coli K12 MG1655,WT,pBR322 PleuWT.1 mhYFP-SalOpt lacO1.1 lacO1.2,PleuWT.1 mhYFP,pTORC65,3,Ampicillin,16075.909831613257,147.7457903313418
B12,PRT14_6,0.7286666666666666,0.6357499999999999,14001.25,83.66666666666674,2024_08_09,Escherichia coli K12 MG1655,WT,pBR322 PleuWT.1 mhYFP-SalOpt lacO1.1 lacO1.2,PleuWT.1 mhYFP,pTORC65,4,Ampicillin,19214.89021043001,114.82159194876499
C1,PRT14_6,0.7046666666666667,0.59475,635.25,104.66666666666674,2024_08_09,Escherichia coli K12 MG1655,ΔtopA::cat,pBR322,None,pTORC1,1,Ampicillin,901.4900662251656,148.53358561967843
C2,PRT14_6,0.7026666666666667,0.60575,928.25,80.66666666666674,2024_08_09,Escherichia coli K12 MG1655,ΔtopA::cat,pBR322,None,pTORC1,2,Ampicillin,1321.03889943074,114.80075901328284
C3,PRT14_6,0.7026666666666667,0.6107499999999999,957.25,92.66666666666674,2024_08_09,Escherichia coli K12 MG1655,ΔtopA::cat,pBR322,None,pTORC1,3,Ampicillin,1362.3102466793168,131.87855787476292
C4,PRT14_6,0.6806666666666666,0.58975,1027.25,98.66666666666674,2024_08_09,Escherichia coli K12 MG1655,ΔtopA::cat,pBR322,None,pTORC1,4,Ampicillin,1509.1821743388834,144.95592556317348
C5,PRT14_6,0.6336666666666666,0.5237499999999999,7605.25,93.66666666666674,2024_08_09,Escherichia coli K12 MG1655,ΔtopA::cat,pBR322 PleuWT.1min mhYFP-SalOpt lacO1.1 lacO1.2,PleuWT.1min mhYFP,pTORC49,1,Ampicillin,12001.972645975804,147.8169384534457
C6,PRT14_6,0.6646666666666666,0.56675,6177.25,88.66666666666674,2024_08_09,Escherichia coli K12 MG1655,ΔtopA::cat,pBR322 PleuWT.1min mhYFP-SalOpt lacO1.1 lacO1.2,PleuWT.1min mhYFP,pTORC49,2,Ampicillin,9293.756268806419,133.40020060180555
C7,PRT14_6,0.6926666666666667,0.59075,6329.25,92.66666666666674,2024_08_09,Escherichia coli K12 MG1655,ΔtopA::cat,pBR322 PleuWT.1min mhYFP-SalOpt lacO1.1 lacO1.2,PleuWT.1min mhYFP,pTORC49,3,Ampicillin,9137.512030798845,133.78248315688174
C8,PRT14_6,0.6766666666666666,0.57675,6853.25,83.66666666666674,2024_08_09,Escherichia coli K12 MG1655,ΔtopA::cat,pBR322 PleuWT.1min mhYFP-SalOpt lacO1.1 lacO1.2,PleuWT.1min mhYFP,pTORC49,4,Ampicillin,10127.95566502463,123.64532019704446
D1,PRT14_6,0.7086666666666667,0.59875,635.25,3736.666666666667,2024_08_09,Escherichia coli K12 MG1655,ΔtopA::cat,pBR322 PleuWT.1min mRaspberry-SalOpt lacO1.1 lacO1.2,PleuWT.1min mRaspberry,pTORC63,1,Ampicillin,896.4016933207902,5272.812793979304
D2,PRT14_6,0.7616666666666666,0.67975,1072.25,3088.666666666667,2024_08_09,Escherichia coli K12 MG1655,ΔtopA::cat,pBR322 PleuWT.1min mRaspberry-SalOpt lacO1.1 lacO1.2,PleuWT.1min mRaspberry,pTORC63,2,Ampicillin,1407.7680525164114,4055.142231947484
D3,PRT14_6,0.7176666666666667,0.6207499999999999,1042.25,3128.666666666667,2024_08_09,Escherichia coli K12 MG1655,ΔtopA::cat,pBR322 PleuWT.1min mRaspberry-SalOpt lacO1.1 lacO1.2,PleuWT.1min mRaspberry,pTORC63,3,Ampicillin,1452.2758941012542,4359.498374361357
D4,PRT14_6,0.6126666666666666,0.5257499999999999,923.25,2791.666666666667,2024_08_09,Escherichia coli K12 MG1655,ΔtopA::cat,pBR322 PleuWT.1min mRaspberry-SalOpt lacO1.1 lacO1.2,PleuWT.1min mRaspberry,pTORC63,4,Ampicillin,1506.9368879216543,4556.5832426550605
D9,PRT14_6,0.6596666666666666,0.55375,10241.25,80.66666666666674,2024_08_09,Escherichia coli K12 MG1655,ΔtopA::cat,pBR322 PleuWT.1 mhYFP-SalOpt lacO1.1 lacO1.2,PleuWT.1 mhYFP,pTORC65,1,Ampicillin,15524.886306215261,122.28398180899457
D10,PRT14_6,0.6616666666666666,0.56375,8323.25,63.66666666666674,2024_08_09,Escherichia coli K12 MG1655,ΔtopA::cat,pBR322 PleuWT.1 mhYFP-SalOpt lacO1.1 lacO1.2,PleuWT.1 mhYFP,pTORC65,2,Ampicillin,12579.219143576827,96.22166246851397
D11,PRT14_6,0.6196666666666666,0.53375,8325.25,76.66666666666674,2024_08_09,Escherichia coli K12 MG1655,ΔtopA::cat,pBR322 PleuWT.1 mhYFP-SalOpt lacO1.1 lacO1.2,PleuWT.1 mhYFP,pTORC65,3,Ampicillin,13435.045723507264,123.72243141473925
D12,PRT14_6,0.6716666666666666,0.57275,8612.25,76.66666666666674,2024_08_09,Escherichia coli K12 MG1655,ΔtopA::cat,pBR322 PleuWT.1 mhYFP-SalOpt lacO1.1 lacO1.2,PleuWT.1 mhYFP,pTORC65,4,Ampicillin,12822.208436724566,114.14392059553361
E1,PRT14_6,0.8056666666666666,0.69575,1107.25,74.66666666666674,2024_08_09,Escherichia coli K12 MG1655,"ΔlacIZYA::FRT
ΔtopA::cat",pBR322,None,pTORC1,1,Ampicillin,1374.3276789408358,92.67687215556485
E2,PRT14_6,0.7426666666666666,0.6327499999999999,884.25,59.66666666666674,2024_08_09,Escherichia coli K12 MG1655,"ΔlacIZYA::FRT
ΔtopA::cat",pBR322,None,pTORC1,2,Ampicillin,1190.6418312387793,80.3411131059247
E3,PRT14_6,0.7746666666666666,0.66575,923.25,79.66666666666674,2024_08_09,Escherichia coli K12 MG1655,"ΔlacIZYA::FRT
ΔtopA::cat",pBR322,None,pTORC1,3,Ampicillin,1191.802925989673,102.83993115318427
E4,PRT14_6,0.7346666666666666,0.6247499999999999,780.25,74.66666666666674,2024_08_09,Escherichia coli K12 MG1655,"ΔlacIZYA::FRT
ΔtopA::cat",pBR322,None,pTORC1,4,Ampicillin,1062.046279491833,101.6333938294012
E5,PRT14_6,0.8136666666666666,0.70475,14673.25,63.66666666666674,2024_08_09,Escherichia coli K12 MG1655,"ΔlacIZYA::FRT
ΔtopA::cat",pBR322 PleuWT.1min mhYFP-SalOpt lacO1.1 lacO1.2,PleuWT.1min mhYFP,pTORC49,1,Ampicillin,18033.490372798035,78.24662023760763
E6,PRT14_6,0.7526666666666666,0.6437499999999999,15728.25,49.66666666666674,2024_08_09,Escherichia coli K12 MG1655,"ΔlacIZYA::FRT
ΔtopA::cat",pBR322 PleuWT.1min mhYFP-SalOpt lacO1.1 lacO1.2,PleuWT.1min mhYFP,pTORC49,2,Ampicillin,20896.700620017717,65.98759964570426
E7,PRT14_6,0.7766666666666666,0.66975,15283.25,71.66666666666674,2024_08_09,Escherichia coli K12 MG1655,"ΔlacIZYA::FRT
ΔtopA::cat",pBR322 PleuWT.1min mhYFP-SalOpt lacO1.1 lacO1.2,PleuWT.1min mhYFP,pTORC49,3,Ampicillin,19678.004291845496,92.27467811158809
E8,PRT14_6,0.7216666666666667,0.6147499999999999,15092.25,63.66666666666674,2024_08_09,Escherichia coli K12 MG1655,"ΔlacIZYA::FRT
ΔtopA::cat",pBR322 PleuWT.1min mhYFP-SalOpt lacO1.1 lacO1.2,PleuWT.1min mhYFP,pTORC49,4,Ampicillin,20913.048498845266,88.2217090069285
F1,PRT14_6,0.6206666666666666,0.53375,1021.25,4148.666666666667,2024_08_09,Escherichia coli K12 MG1655,"ΔlacIZYA::FRT
ΔtopA::cat",pBR322 PleuWT.1min mRaspberry-SalOpt lacO1.1 lacO1.2,PleuWT.1min mRaspberry,pTORC63,1,Ampicillin,1645.4081632653063,6684.210526315791
F2,PRT14_6,0.6506666666666666,0.56175,1016.25,4245.666666666667,2024_08_09,Escherichia coli K12 MG1655,"ΔlacIZYA::FRT
ΔtopA::cat",pBR322 PleuWT.1min mRaspberry-SalOpt lacO1.1 lacO1.2,PleuWT.1min mRaspberry,pTORC63,2,Ampicillin,1561.859631147541,6525.102459016394
F3,PRT14_6,0.6706666666666666,0.58075,1089.25,3945.666666666667,2024_08_09,Escherichia coli K12 MG1655,"ΔlacIZYA::FRT
ΔtopA::cat",pBR322 PleuWT.1min mRaspberry-SalOpt lacO1.1 lacO1.2,PleuWT.1min mRaspberry,pTORC63,3,Ampicillin,1624.130218687873,5883.2007952286285
F4,PRT14_6,0.6066666666666666,0.5267499999999999,836.25,4324.666666666667,2024_08_09,Escherichia coli K12 MG1655,"ΔlacIZYA::FRT
ΔtopA::cat",pBR322 PleuWT.1min mRaspberry-SalOpt lacO1.1 lacO1.2,PleuWT.1min mRaspberry,pTORC63,4,Ampicillin,1378.4340659340662,7128.57142857143
F9,PRT14_6,0.7106666666666667,0.60375,10771.25,69.66666666666674,2024_08_09,Escherichia coli K12 MG1655,"ΔlacIZYA::FRT
ΔtopA::cat",pBR322 PleuWT.1 mhYFP-SalOpt lacO1.1 lacO1.2,PleuWT.1 mhYFP,pTORC65,1,Ampicillin,15156.543151969981,98.03001876172618
F10,PRT14_6,0.7566666666666666,0.6507499999999999,10549.25,65.66666666666674,2024_08_09,Escherichia coli K12 MG1655,"ΔlacIZYA::FRT
ΔtopA::cat",pBR322 PleuWT.1 mhYFP-SalOpt lacO1.1 lacO1.2,PleuWT.1 mhYFP,pTORC65,2,Ampicillin,13941.740088105727,86.7841409691631
F11,PRT14_6,0.7126666666666667,0.60675,10607.25,55.66666666666674,2024_08_09,Escherichia coli K12 MG1655,"ΔlacIZYA::FRT
ΔtopA::cat",pBR322 PleuWT.1 mhYFP-SalOpt lacO1.1 lacO1.2,PleuWT.1 mhYFP,pTORC65,3,Ampicillin,14883.8868101029,78.11038353601508
F12,PRT14_6,0.7446666666666666,0.6377499999999999,11207.25,71.66666666666674,2024_08_09,Escherichia coli K12 MG1655,"ΔlacIZYA::FRT
ΔtopA::cat",pBR322 PleuWT.1 mhYFP-SalOpt lacO1.1 lacO1.2,PleuWT.1 mhYFP,pTORC65,4,Ampicillin,15050.022381378694,96.23992837958829
A1,PRT14_6,0.7856666666666666,0.6593333333333333,604.4166666666666,78.5,2024_08_20,Escherichia coli K12 MG1655,WT,pBR322,None,pTORC1,5,Ampicillin,769.3042002545609,99.91514637250744
A2,PRT14_6,0.7796666666666666,0.6623333333333333,525.4166666666666,77.5,2024_08_20,Escherichia coli K12 MG1655,WT,pBR322,None,pTORC1,6,Ampicillin,673.8991021804189,99.40145361265499
A3,PRT14_6,0.7676666666666666,0.6493333333333333,12326.416666666666,87.5,2024_08_20,Escherichia coli K12 MG1655,WT,pBR322 PleuWT.1min mhYFP-SalOpt lacO1.1 lacO1.2,PleuWT.1min mhYFP,pTORC49,5,Ampicillin,16056.990881458967,113.98176291793314
A4,PRT14_6,0.7356666666666666,0.6153333333333333,13153.416666666666,93.5,2024_08_20,Escherichia coli K12 MG1655,WT,pBR322 PleuWT.1min mhYFP-SalOpt lacO1.1 lacO1.2,PleuWT.1min mhYFP,pTORC49,6,Ampicillin,17879.58767557771,127.09560489352063
A7,PRT14_6,0.7046666666666667,0.5843333333333334,589.4166666666666,5588.5,2024_08_20,Escherichia coli K12 MG1655,WT,pBR322 PleuWT.1min mRaspberry-SalOpt lacO1.1 lacO1.2,PleuWT.1min mRaspberry,pTORC63,5,Ampicillin,836.4474929044464,7930.7000946073795
A8,PRT14_6,0.7386666666666666,0.6143333333333333,507.41666666666663,5723.5,2024_08_20,Escherichia coli K12 MG1655,WT,pBR322 PleuWT.1min mRaspberry-SalOpt lacO1.1 lacO1.2,PleuWT.1min mRaspberry,pTORC63,6,Ampicillin,686.9359205776174,7748.420577617329
A11,PRT14_6,0.6816666666666666,0.56033333333333335,15058.416666666666,95.5,2024_08_20,Escherichia coli K12 MG1655,WT,pBR322 PleuWT.1 mhYFP-SalOpt lacO1.1 lacO1.2,PleuWT.1 mhYFP,pTORC65,5,Ampicillin,22090.586797066015,140.09779951100245
A12,PRT14_6,0.7836666666666666,0.6303333333333333,15007.416666666666,96.5,2024_08_20,Escherichia coli K12 MG1655,WT,pBR322 PleuWT.1 mhYFP-SalOpt lacO1.1 lacO1.2,PleuWT.1 mhYFP,pTORC65,6,Ampicillin,19150.255210548705,123.13908974904297
B1,PRT14_6,0.6776666666666666,0.56033333333333335,887.4166666666666,78.5,2024_08_20,Escherichia coli K12 MG1655,ΔtopA::cat,pBR322,None,pTORC1,5,Ampicillin,1309.517953762912,115.83866207575012
B2,PRT14_6,0.6726666666666666,0.5623333333333334,747.4166666666666,83.5,2024_08_20,Escherichia coli K12 MG1655,ΔtopA::cat,pBR322,None,pTORC1,6,Ampicillin,1111.1248761149652,124.13280475718534
B3,PRT14_6,0.6066666666666666,0.4993333333333333,7415.416666666667,80.5,2024_08_20,Escherichia coli K12 MG1655,ΔtopA::cat,pBR322 PleuWT.1min mhYFP-SalOpt lacO1.1 lacO1.2,PleuWT.1min mhYFP,pTORC49,5,Ampicillin,12223.214285714288,132.6923076923077
B4,PRT14_6,0.6096666666666666,0.5013333333333333,7304.416666666667,89.5,2024_08_20,Escherichia coli K12 MG1655,ΔtopA::cat,pBR322 PleuWT.1min mhYFP-SalOpt lacO1.1 lacO1.2,PleuWT.1min mhYFP,pTORC49,6,Ampicillin,11981.000546746858,146.8015308911974
B7,PRT14_6,0.6656666666666666,0.5553333333333333,938.4166666666666,4422.5,2024_08_20,Escherichia coli K12 MG1655,ΔtopA::cat,pBR322 PleuWT.1min mRaspberry-SalOpt lacO1.1 lacO1.2,PleuWT.1min mRaspberry,pTORC63,5,Ampicillin,1409.739609414121,6643.71557336004
B8,PRT14_6,0.6586666666666666,0.5493333333333333,762.4166666666666,4102.5,2024_08_20,Escherichia coli K12 MG1655,ΔtopA::cat,pBR322 PleuWT.1min mRaspberry-SalOpt lacO1.1 lacO1.2,PleuWT.1min mRaspberry,pTORC63,6,Ampicillin,1157.5151821862348,6228.491902834008
B11,PRT14_6,0.6616666666666666,0.5463333333333333,12155.416666666666,92.5,2024_08_20,Escherichia coli K12 MG1655,ΔtopA::cat,pBR322 PleuWT.1 mhYFP-SalOpt lacO1.1 lacO1.2,PleuWT.1 mhYFP,pTORC65,5,Ampicillin,18370.906801007557,139.79848866498742
B12,PRT14_6,0.7006666666666667,0.5863333333333334,11573.416666666666,85.5,2024_08_20,Escherichia coli K12 MG1655,ΔtopA::cat,pBR322 PleuWT.1 mhYFP-SalOpt lacO1.1 lacO1.2,PleuWT.1 mhYFP,pTORC65,6,Ampicillin,16517.721217887723,122.02664129400571
C1,PRT14_6,0.7146666666666667,0.6003333333333334,1132.4166666666665,74.5,2024_08_20,Escherichia coli K12 MG1655,"ΔlacIZYA::FRT
ΔtopA::cat",pBR322,None,pTORC1,5,Ampicillin,1584.5382462686564,104.24440298507463
C2,PRT14_6,0.7986666666666666,0.68533333333333335,1289.4166666666665,74.5,2024_08_20,Escherichia coli K12 MG1655,"ΔlacIZYA::FRT
ΔtopA::cat",pBR322,None,pTORC1,6,Ampicillin,1614.4616026711185,93.28046744574291
C3,PRT14_6,0.7796666666666666,0.6713333333333333,14908.416666666666,59.5,2024_08_20,Escherichia coli K12 MG1655,"ΔlacIZYA::FRT
ΔtopA::cat",pBR322 PleuWT.1min mhYFP-SalOpt lacO1.1 lacO1.2,PleuWT.1min mhYFP,pTORC49,5,Ampicillin,19121.52629328773,76.31466438648995
C4,PRT14_6,0.7866666666666666,0.6773333333333333,14752.416666666666,62.5,2024_08_20,Escherichia coli K12 MG1655,"ΔlacIZYA::FRT
ΔtopA::cat",pBR322 PleuWT.1min mhYFP-SalOpt lacO1.1 lacO1.2,PleuWT.1min mhYFP,pTORC49,6,Ampicillin,18753.072033898305,79.44915254237289
C7,PRT14_6,0.6476666666666666,0.5583333333333333,1285.4166666666665,3985.5,2024_08_20,Escherichia coli K12 MG1655,"ΔlacIZYA::FRT
ΔtopA::cat",pBR322 PleuWT.1min mRaspberry-SalOpt lacO1.1 lacO1.2,PleuWT.1min mRaspberry,pTORC63,5,Ampicillin,1984.6886258363354,6153.62840967576
C8,PRT14_6,0.6246666666666666,0.5293333333333333,1280.4166666666665,4213.5,2024_08_20,Escherichia coli K12 MG1655,"ΔlacIZYA::FRT
ΔtopA::cat",pBR322 PleuWT.1min mRaspberry-SalOpt lacO1.1 lacO1.2,PleuWT.1min mRaspberry,pTORC63,6,Ampicillin,2049.759871931697,6745.197438633939
C11,PRT14_6,0.7396666666666666,0.6293333333333333,10670.416666666666,68.5,2024_08_20,Escherichia coli K12 MG1655,"ΔlacIZYA::FRT
ΔtopA::cat",pBR322 PleuWT.1 mhYFP-SalOpt lacO1.1 lacO1.2,PleuWT.1 mhYFP,pTORC65,5,Ampicillin,14425.980171248311,92.60928346101849
C12,PRT14_6,0.6936666666666667,0.5843333333333334,11650.416666666666,74.5,2024_08_20,Escherichia coli K12 MG1655,"ΔlacIZYA::FRT
ΔtopA::cat",pBR322 PleuWT.1 mhYFP-SalOpt lacO1.1 lacO1.2,PleuWT.1 mhYFP,pTORC65,6,Ampicillin,16795.41086016338,107.40028832292167
A1,PRT14_6,0.78025,0.65125,621,88,2024_08_21,Escherichia coli K12 MG1655,WT,pBR322,None,pTORC1,7,Ampicillin,795.8987504005127,112.78436398590195
A2,PRT14_6,0.81625,0.69025,579,72,2024_08_21,Escherichia coli K12 MG1655,WT,pBR322,None,pTORC1,8,Ampicillin,709.3415007656968,88.208269525268
A3,PRT14_6,0.75125,0.63725,12139,81,2024_08_21,Escherichia coli K12 MG1655,WT,pBR322 PleuWT.1min mhYFP-SalOpt lacO1.1 lacO1.2,PleuWT.1min mhYFP,pTORC49,7,Ampicillin,16158.402662229619,107.82029950083195
A4,PRT14_6,0.69925,0.57425,13965,80,2024_08_21,Escherichia coli K12 MG1655,WT,pBR322 PleuWT.1min mhYFP-SalOpt lacO1.1 lacO1.2,PleuWT.1min mhYFP,pTORC49,8,Ampicillin,19971.39792634966,114.40829460135859
A7,PRT14_6,0.72725,0.6072500000000001,612,5169,2024_08_21,Escherichia coli K12 MG1655,WT,pBR322 PleuWT.1min mRaspberry-SalOpt lacO1.1 lacO1.2,PleuWT.1min mRaspberry,pTORC63,7,Ampicillin,841.5262976968031,7107.597112409763
A8,PRT14_6,0.71825,0.58625,474,5678,2024_08_21,Escherichia coli K12 MG1655,WT,pBR322 PleuWT.1min mRaspberry-SalOpt lacO1.1 lacO1.2,PleuWT.1min mRaspberry,pTORC63,8,Ampicillin,659.9373477201531,7905.325443786982
A11,PRT14_6,0.71825,0.58225,14014,97,2024_08_21,Escherichia coli K12 MG1655,WT,pBR322 PleuWT.1 mhYFP-SalOpt lacO1.1 lacO1.2,PleuWT.1 mhYFP,pTORC65,7,Ampicillin,19511.31221719457,135.05046989209885
A12,PRT14_6,0.71225,0.58525,14763,93,2024_08_21,Escherichia coli K12 MG1655,WT,pBR322 PleuWT.1 mhYFP-SalOpt lacO1.1 lacO1.2,PleuWT.1 mhYFP,pTORC65,8,Ampicillin,20727.272727272724,130.57213057213056
B1,PRT14_6,0.69225,0.58325,956,66,2024_08_21,Escherichia coli K12 MG1655,ΔtopA::cat,pBR322,None,pTORC1,7,Ampicillin,1381.0039725532683,95.34127843986998
B2,PRT14_6,0.67425,0.57225,795,76,2024_08_21,Escherichia coli K12 MG1655,ΔtopA::cat,pBR322,None,pTORC1,8,Ampicillin,1179.0878754171301,112.71783463107155
B3,PRT14_6,0.5972500000000001,0.50125,7073,71,2024_08_21,Escherichia coli K12 MG1655,ΔtopA::cat,pBR322 PleuWT.1min mhYFP-SalOpt lacO1.1 lacO1.2,PleuWT.1min mhYFP,pTORC49,7,Ampicillin,11842.611971536206,118.87819171201339
B4,PRT14_6,0.61225,0.50825,7050,73,2024_08_21,Escherichia coli K12 MG1655,ΔtopA::cat,pBR322 PleuWT.1min mhYFP-SalOpt lacO1.1 lacO1.2,PleuWT.1min mhYFP,pTORC49,8,Ampicillin,11514.904042466314,119.23233973050225
B7,PRT14_6,0.66625,0.55725,919,3812,2024_08_21,Escherichia coli K12 MG1655,ΔtopA::cat,pBR322 PleuWT.1min mRaspberry-SalOpt lacO1.1 lacO1.2,PleuWT.1min mRaspberry,pTORC63,7,Ampicillin,1379.3621013133209,5721.575984990619
B8,PRT14_6,0.64825,0.53925,729,3869,2024_08_21,Escherichia coli K12 MG1655,ΔtopA::cat,pBR322 PleuWT.1min mRaspberry-SalOpt lacO1.1 lacO1.2,PleuWT.1min mRaspberry,pTORC63,8,Ampicillin,1124.5661396066332,5968.376397994601
B11,PRT14_6,0.65325,0.54225,11845,93,2024_08_21,Escherichia coli K12 MG1655,ΔtopA::cat,pBR322 PleuWT.1 mhYFP-SalOpt lacO1.1 lacO1.2,PleuWT.1 mhYFP,pTORC65,7,Ampicillin,18132.41484883276,142.3650975889782
B12,PRT14_6,0.68625,0.57525,12055,82,2024_08_21,Escherichia coli K12 MG1655,ΔtopA::cat,pBR322 PleuWT.1 mhYFP-SalOpt lacO1.1 lacO1.2,PleuWT.1 mhYFP,pTORC65,8,Ampicillin,17566.48451730419,119.48998178506375
C1,PRT14_6,0.80325,0.69225,1332,66,2024_08_21,Escherichia coli K12 MG1655,"ΔlacIZYA::FRT
ΔtopA::cat",pBR322,None,pTORC1,7,Ampicillin,1658.2633053221289,82.16619981325863
C2,PRT14_6,0.78225,0.67525,1199,67,2024_08_21,Escherichia coli K12 MG1655,"ΔlacIZYA::FRT
ΔtopA::cat",pBR322,None,pTORC1,8,Ampicillin,1532.7580696708214,85.65036752956216
C3,PRT14_6,0.75925,0.65325,14877,60,2024_08_21,Escherichia coli K12 MG1655,"ΔlacIZYA::FRT
ΔtopA::cat",pBR322 PleuWT.1min mhYFP-SalOpt lacO1.1 lacO1.2,PleuWT.1min mhYFP,pTORC49,7,Ampicillin,19594.33651629898,79.02535396773132
C4,PRT14_6,0.77325,0.66925,14513,55,2024_08_21,Escherichia coli K12 MG1655,"ΔlacIZYA::FRT
ΔtopA::cat",pBR322 PleuWT.1min mhYFP-SalOpt lacO1.1 lacO1.2,PleuWT.1min mhYFP,pTORC49,8,Ampicillin,18768.83284836728,71.12835434852893
C7,PRT14_6,0.67625,0.58025,1376,4026,2024_08_21,Escherichia coli K12 MG1655,"ΔlacIZYA::FRT
ΔtopA::cat",pBR322 PleuWT.1min mRaspberry-SalOpt lacO1.1 lacO1.2,PleuWT.1min mRaspberry,pTORC63,7,Ampicillin,2034.750462107209,5953.419593345656
C8,PRT14_6,0.63625,0.54425,1290,3845,2024_08_21,Escherichia coli K12 MG1655,"ΔlacIZYA::FRT
ΔtopA::cat",pBR322 PleuWT.1min mRaspberry-SalOpt lacO1.1 lacO1.2,PleuWT.1min mRaspberry,pTORC63,8,Ampicillin,2027.5049115913557,6043.222003929273
C11,PRT14_6,0.73825,0.63125,10740,74,2024_08_21,Escherichia coli K12 MG1655,"ΔlacIZYA::FRT
ΔtopA::cat",pBR322 PleuWT.1 mhYFP-SalOpt lacO1.1 lacO1.2,PleuWT.1 mhYFP,pTORC65,7,Ampicillin,14547.917372163902,100.23704707077549
C12,PRT14_6,0.69925,0.59325,10998,70,2024_08_21,Escherichia coli K12 MG1655,"ΔlacIZYA::FRT
ΔtopA::cat",pBR322 PleuWT.1 mhYFP-SalOpt lacO1.1 lacO1.2,PleuWT.1 mhYFP,pTORC65,8,Ampicillin,15728.280300321772,100.10725777618877
A1,PRT14_6,0.7724166666666666,0.64525,12667.25,90.5,2024_08_22,Escherichia coli K12 MG1655,WT,pBR322,None,pTORC1,9,Ampicillin,16399.503722084366,117.1647426906894
A2,PRT14_6,0.6914166666666667,0.57825,459.25,98.5,2024_08_22,Escherichia coli K12 MG1655,WT,pBR322,None,pTORC1,10,Ampicillin,664.2159816801253,142.4611305291069
A3,PRT14_6,0.7344166666666666,0.62425,12014.25,86.5,2024_08_22,Escherichia coli K12 MG1655,WT,pBR322 PleuWT.1min mhYFP-SalOpt lacO1.1 lacO1.2,PleuWT.1min mhYFP,pTORC49,9,Ampicillin,16358.901622602974,117.7805514580733
A4,PRT14_6,0.7354166666666666,0.62325,12170.25,82.5,2024_08_22,Escherichia coli K12 MG1655,WT,pBR322 PleuWT.1min mhYFP-SalOpt lacO1.1 lacO1.2,PleuWT.1min mhYFP,pTORC49,10,Ampicillin,16548.781869688388,112.18130311614732
A7,PRT14_6,0.6884166666666667,0.57625,498.25,5161.5,2024_08_22,Escherichia coli K12 MG1655,WT,pBR322 PleuWT.1min mRaspberry-SalOpt lacO1.1 lacO1.2,PleuWT.1min mRaspberry,pTORC63,9,Ampicillin,723.7622563854255,7497.63951095509
A8,PRT14_6,0.6904166666666667,0.57925,398.25,5292.5,2024_08_22,Escherichia coli K12 MG1655,WT,pBR322 PleuWT.1min mRaspberry-SalOpt lacO1.1 lacO1.2,PleuWT.1min mRaspberry,pTORC63,10,Ampicillin,576.8255884127942,7665.660832830416
A11,PRT14_6,0.6594166666666667,0.54025,14565.25,98.5,2024_08_22,Escherichia coli K12 MG1655,WT,pBR322 PleuWT.1 mhYFP-SalOpt lacO1.1 lacO1.2,PleuWT.1 mhYFP,pTORC65,9,Ampicillin,22088.082901554404,149.3744471123468
A12,PRT14_6,0.6124166666666666,0.50325,15086.25,118.5,2024_08_22,Escherichia coli K12 MG1655,WT,pBR322 PleuWT.1 mhYFP-SalOpt lacO1.1 lacO1.2,PleuWT.1 mhYFP,pTORC65,10,Ampicillin,24633.96380459927,193.49571370254458
B1,PRT14_6,0.6744166666666667,0.57125,830.25,76.5,2024_08_22,Escherichia coli K12 MG1655,ΔtopA::cat,pBR322,None,pTORC1,9,Ampicillin,1231.063882367478,113.43136043494378
B2,PRT14_6,0.6064166666666666,0.50825,658.25,89.5,2024_08_22,Escherichia coli K12 MG1655,ΔtopA::cat,pBR322,None,pTORC1,10,Ampicillin,1085.4747835646558,147.58829187852137
B3,PRT14_6,0.5734166666666667,0.47624999999999995,7108.25,90.5,2024_08_22,Escherichia coli K12 MG1655,ΔtopA::cat,pBR322 PleuWT.1min mhYFP-SalOpt lacO1.1 lacO1.2,PleuWT.1min mhYFP,pTORC49,9,Ampicillin,12396.308676064526,157.8258973986339
B4,PRT14_6,0.5824166666666666,0.48424999999999996,6826.25,73.5,2024_08_22,Escherichia coli K12 MG1655,ΔtopA::cat,pBR322 PleuWT.1min mhYFP-SalOpt lacO1.1 lacO1.2,PleuWT.1min mhYFP,pTORC49,10,Ampicillin,11720.560881385036,126.19831163256548
B7,PRT14_6,0.6384166666666666,0.53425,818.25,3722.5,2024_08_22,Escherichia coli K12 MG1655,ΔtopA::cat,pBR322 PleuWT.1min mRaspberry-SalOpt lacO1.1 lacO1.2,PleuWT.1min mRaspberry,pTORC63,9,Ampicillin,1281.6864639081061,5830.831484140452
B8,PRT14_6,0.6554166666666666,0.55025,670.25,3704.5,2024_08_22,Escherichia coli K12 MG1655,ΔtopA::cat,pBR322 PleuWT.1min mRaspberry-SalOpt lacO1.1 lacO1.2,PleuWT.1min mRaspberry,pTORC63,10,Ampicillin,1022.6319135410045,5652.129688493325
B11,PRT14_6,0.6634166666666667,0.55925,10520.25,73.5,2024_08_22,Escherichia coli K12 MG1655,ΔtopA::cat,pBR322 PleuWT.1 mhYFP-SalOpt lacO1.1 lacO1.2,PleuWT.1 mhYFP,pTORC65,9,Ampicillin,15857.68119582967,110.79010174601181
B12,PRT14_6,0.6634166666666667,0.56325,11606.25,60.5,2024_08_22,Escherichia coli K12 MG1655,ΔtopA::cat,pBR322 PleuWT.1 mhYFP-SalOpt lacO1.1 lacO1.2,PleuWT.1 mhYFP,pTORC65,10,Ampicillin,17494.66147468911,91.19457354603693
C1,PRT14_6,0.7684166666666666,0.66125,1160.25,62.5,2024_08_22,Escherichia coli K12 MG1655,"ΔlacIZYA::FRT
ΔtopA::cat",pBR322,None,pTORC1,9,Ampicillin,1509.9230018436178,81.33608068539205
C2,PRT14_6,0.7424166666666666,0.64225,1124.25,57.5,2024_08_22,Escherichia coli K12 MG1655,"ΔlacIZYA::FRT
ΔtopA::cat",pBR322,None,pTORC1,10,Ampicillin,1514.3113705241892,77.44976989561118
C3,PRT14_6,0.7404166666666666,0.64025,14430.25,44.5,2024_08_22,Escherichia coli K12 MG1655,"ΔlacIZYA::FRT
ΔtopA::cat",pBR322 PleuWT.1min mhYFP-SalOpt lacO1.1 lacO1.2,PleuWT.1min mhYFP,pTORC49,9,Ampicillin,19489.36409679235,60.10129431626337
C4,PRT14_6,0.7524166666666666,0.65125,14511.25,53.5,2024_08_22,Escherichia coli K12 MG1655,"ΔlacIZYA::FRT
ΔtopA::cat",pBR322 PleuWT.1min mhYFP-SalOpt lacO1.1 lacO1.2,PleuWT.1min mhYFP,pTORC49,10,Ampicillin,19286.188946727212,71.10421973640493
C7,PRT14_6,0.5894166666666666,0.49524999999999997,1125.25,3809.5,2024_08_22,Escherichia coli K12 MG1655,"ΔlacIZYA::FRT
ΔtopA::cat",pBR322 PleuWT.1min mRaspberry-SalOpt lacO1.1 lacO1.2,PleuWT.1min mRaspberry,pTORC63,9,Ampicillin,1909.0909090909092,6463.169800650361
C8,PRT14_6,0.5914166666666666,0.50425,1125.25,3861.5,2024_08_22,Escherichia coli K12 MG1655,"ΔlacIZYA::FRT
ΔtopA::cat",pBR322 PleuWT.1min mRaspberry-SalOpt lacO1.1 lacO1.2,PleuWT.1min mRaspberry,pTORC63,10,Ampicillin,1902.6349161617588,6529.23770607299
C11,PRT14_6,0.7234166666666666,0.62225,10002.25,58.5,2024_08_22,Escherichia coli K12 MG1655,"ΔlacIZYA::FRT
ΔtopA::cat",pBR322 PleuWT.1 mhYFP-SalOpt lacO1.1 lacO1.2,PleuWT.1 mhYFP,pTORC65,9,Ampicillin,13826.402488192605,80.86625964750606
C12,PRT14_6,0.6644166666666667,0.56625,11109.25,65.5,2024_08_22,Escherichia coli K12 MG1655,"ΔlacIZYA::FRT
ΔtopA::cat",pBR322 PleuWT.1 mhYFP-SalOpt lacO1.1 lacO1.2,PleuWT.1 mhYFP,pTORC65,10,Ampicillin,16720.306032860906,98.58271666875706
A1,PRT14_6,0.7836666666666666,0.6656666666666666,596.6666666666666,58,2024_08_23,Escherichia coli K12 MG1655,WT,pBR322,None,pTORC1,11,Ampicillin,761.3781369629945,74.01105912377712
A2,PRT14_6,0.7576666666666666,0.6456666666666666,513.6666666666666,53,2024_08_23,Escherichia coli K12 MG1655,WT,pBR322,None,pTORC1,12,Ampicillin,677.9586449626045,69.95160580730312
A3,PRT14_6,0.8166666666666667,0.6626666666666666,12862.666666666666,50,2024_08_23,Escherichia coli K12 MG1655,WT,pBR322 PleuWT.1min mhYFP-SalOpt lacO1.1 lacO1.2,PleuWT.1min mhYFP,pTORC49,11,Ampicillin,15750.204081632653,61.224489795918366
A4,PRT14_6,0.7196666666666667,0.6016666666666667,13202.666666666666,58,2024_08_23,Escherichia coli K12 MG1655,WT,pBR322 PleuWT.1min mhYFP-SalOpt lacO1.1 lacO1.2,PleuWT.1min mhYFP,pTORC49,12,Ampicillin,18345.530338119497,80.59286706808707
A7,PRT14_6,0.7256666666666667,0.6076666666666667,545.6666666666666,5858,2024_08_23,Escherichia coli K12 MG1655,WT,pBR322 PleuWT.1min mRaspberry-SalOpt lacO1.1 lacO1.2,PleuWT.1min mRaspberry,pTORC63,11,Ampicillin,751.9522278364722,8072.576940744143
A8,PRT14_6,0.7126666666666667,0.5856666666666667,452.66666666666663,6094,2024_08_23,Escherichia coli K12 MG1655,WT,pBR322 PleuWT.1min mRaspberry-SalOpt lacO1.1 lacO1.2,PleuWT.1min mRaspberry,pTORC63,12,Ampicillin,635.1730589335828,8550.982226379794
A11,PRT14_6,0.6666666666666666,0.5466666666666666,14730.666666666666,68,2024_08_23,Escherichia coli K12 MG1655,WT,pBR322 PleuWT.1 mhYFP-SalOpt lacO1.1 lacO1.2,PleuWT.1 mhYFP,pTORC65,11,Ampicillin,22096,102
A12,PRT14_6,0.6466666666666666,0.5436666666666666,13764.666666666666,63,2024_08_23,Escherichia coli K12 MG1655,WT,pBR322 PleuWT.1 mhYFP-SalOpt lacO1.1 lacO1.2,PleuWT.1 mhYFP,pTORC65,12,Ampicillin,21285.567010309278,97.42268041237114
B1,PRT14_6,0.6546666666666666,0.5436666666666666,888.6666666666666,44,2024_08_23,Escherichia coli K12 MG1655,ΔtopA::cat,pBR322,None,pTORC1,11,Ampicillin,1357.4338085539716,67.20977596741345
B2,PRT14_6,0.7086666666666667,0.5836666666666667,773.6666666666666,36,2024_08_23,Escherichia coli K12 MG1655,ΔtopA::cat,pBR322,None,pTORC1,12,Ampicillin,1091.7215428033867,50.79962370649106
B3,PRT14_6,0.6176666666666666,0.5116666666666666,6680.666666666667,34,2024_08_23,Escherichia coli K12 MG1655,ΔtopA::cat,pBR322 PleuWT.1min mhYFP-SalOpt lacO1.1 lacO1.2,PleuWT.1min mhYFP,pTORC49,11,Ampicillin,10815.974096060445,55.045871559633035
B4,PRT14_6,0.6116666666666666,0.5156666666666666,6622.666666666667,30,2024_08_23,Escherichia coli K12 MG1655,ΔtopA::cat,pBR322 PleuWT.1min mhYFP-SalOpt lacO1.1 lacO1.2,PleuWT.1min mhYFP,pTORC49,12,Ampicillin,10827.247956403271,49.04632152588557
B7,PRT14_6,0.6696666666666666,0.5626666666666666,881.6666666666666,4052,2024_08_23,Escherichia coli K12 MG1655,ΔtopA::cat,pBR322 PleuWT.1min mRaspberry-SalOpt lacO1.1 lacO1.2,PleuWT.1min mRaspberry,pTORC63,11,Ampicillin,1316.5754106520658,6050.771528123445
B8,PRT14_6,0.6966666666666667,0.5906666666666667,748.6666666666666,3781,2024_08_23,Escherichia coli K12 MG1655,ΔtopA::cat,pBR322 PleuWT.1min mRaspberry-SalOpt lacO1.1 lacO1.2,PleuWT.1min mRaspberry,pTORC63,12,Ampicillin,1074.641148325359,5427.272727272727
B11,PRT14_6,0.6986666666666667,0.5906666666666667,11021.666666666666,56,2024_08_23,Escherichia coli K12 MG1655,ΔtopA::cat,pBR322 PleuWT.1 mhYFP-SalOpt lacO1.1 lacO1.2,PleuWT.1 mhYFP,pTORC65,11,Ampicillin,15775.286259541985,80.1526717557252
B12,PRT14_6,0.6546666666666666,0.5446666666666666,11239.666666666666,55,2024_08_23,Escherichia coli K12 MG1655,ΔtopA::cat,pBR322 PleuWT.1 mhYFP-SalOpt lacO1.1 lacO1.2,PleuWT.1 mhYFP,pTORC65,12,Ampicillin,17168.533604887984,84.01221995926682
C1,PRT14_6,0.7656666666666666,0.6536666666666666,1287.6666666666665,46,2024_08_23,Escherichia coli K12 MG1655,"ΔlacIZYA::FRT
ΔtopA::cat",pBR322,None,pTORC1,11,Ampicillin,1681.7588158467565,60.07836308228124
C2,PRT14_6,0.7606666666666666,0.6506666666666666,1200.6666666666665,43,2024_08_23,Escherichia coli K12 MG1655,"ΔlacIZYA::FRT
ΔtopA::cat",pBR322,None,pTORC1,12,Ampicillin,1578.4399649430325,56.52936021034181
C3,PRT14_6,0.7386666666666666,0.6166666666666666,13881.666666666666,41,2024_08_23,Escherichia coli K12 MG1655,"ΔlacIZYA::FRT
ΔtopA::cat",pBR322 PleuWT.1min mhYFP-SalOpt lacO1.1 lacO1.2,PleuWT.1min mhYFP,pTORC49,11,Ampicillin,18792.870036101085,55.50541516245488
C4,PRT14_6,0.7796666666666666,0.6726666666666666,14218.666666666666,31,2024_08_23,Escherichia coli K12 MG1655,"ΔlacIZYA::FRT
ΔtopA::cat",pBR322 PleuWT.1min mhYFP-SalOpt lacO1.1 lacO1.2,PleuWT.1min mhYFP,pTORC49,12,Ampicillin,18236.8533561351,39.760581445061995
C7,PRT14_6,0.7216666666666667,0.6206666666666666,1434.6666666666665,3884,2024_08_23,Escherichia coli K12 MG1655,"ΔlacIZYA::FRT
ΔtopA::cat",pBR322 PleuWT.1min mRaspberry-SalOpt lacO1.1 lacO1.2,PleuWT.1min mRaspberry,pTORC63,11,Ampicillin,1987.9907621247112,5381.986143187067
C8,PRT14_6,0.6906666666666667,0.5926666666666667,1386.6666666666665,3941,2024_08_23,Escherichia coli K12 MG1655,"ΔlacIZYA::FRT
ΔtopA::cat",pBR322 PleuWT.1min mRaspberry-SalOpt lacO1.1 lacO1.2,PleuWT.1min mRaspberry,pTORC63,12,Ampicillin,2007.7220077220074,5706.081081081081
C11,PRT14_6,0.7296666666666666,0.6216666666666666,10412.666666666666,33,2024_08_23,Escherichia coli K12 MG1655,"ΔlacIZYA::FRT
ΔtopA::cat",pBR322 PleuWT.1 mhYFP-SalOpt lacO1.1 lacO1.2,PleuWT.1 mhYFP,pTORC65,11,Ampicillin,14270.443124714482,45.22613065326634
C12,PRT14_6,0.6786666666666666,0.5726666666666667,11657.666666666666,34,2024_08_23,Escherichia coli K12 MG1655,"ΔlacIZYA::FRT
ΔtopA::cat",pBR322 PleuWT.1 mhYFP-SalOpt lacO1.1 lacO1.2,PleuWT.1 mhYFP,pTORC65,12,Ampicillin,17177.308447937132,50.09823182711199
